{"xgb": {"learning_rate": 0.016299723786331526, "max_depth": 3, "subsample": 0.7284214009233713, "colsample_bytree": 0.7796337910371377, "min_child_weight": 5, "reg_alpha": 0.019110532960856314, "reg_lambda": 0.5315387701762063, "objective": "binary:logistic", "eval_metric": "logloss", "seed": 42}, "lgb": {"learning_rate": 0.0733056151098631, "num_leaves": 46, "max_depth": 4, "subsample": 0.6026268487517209, "colsample_bytree": 0.9190019756000061, "min_child_samples": 26, "reg_alpha": 0.0037189728550216117, "reg_lambda": 0.4080607288147491, "objective": "binary", "metric": "binary_logloss", "verbose": -1, "seed": 42}}